"PRE","REL1","REL2","BMT1","BMT1_REL"
0,0,0.000000223459754145061,0,0.00000555453884987234
