PRE,REL1,REL2,BMT1,BMT1_REL,DEAD
0.345673026,0.350499131,0.334222791,0.37958144,1.580402252,1.000457867
