"PRE","REL1","REL2","BMT1","BMT1_REL"
621933372771583960507123917096222720,2761469484422947259867427672541638094172187449622528,22278.1216122899,200038566276700941299502951222933923492350975378410163271140886183936,8432.34572602506
