"","theta","meanlog","sdlog"
"theta",0.169205571902012,-0.0328295937992153,-0.0128628150567885
"meanlog",-0.0328295937992153,0.206269432159182,0.0342410264962186
"sdlog",-0.0128628150567885,0.0342410264962186,0.0911429836607544
