"","theta","rate"
"theta",1.34943516271631,0.355442975294896
"rate",0.355442975294896,0.45459393007321
