"","theta","shape","scale"
"theta",0.424829007745621,-0.00470437295198474,-0.0160858501444151
"shape",-0.00470437295198474,0.0809156396296467,0.00447999295968801
"scale",-0.0160858501444151,0.00447999295968801,0.0195493955002832
