"","theta","rate"
"theta",0.365203525087163,0.0327802021417274
"rate",0.0327802021417274,0.0875131218226393
