"","(Intercept)","age_Dx"
"(Intercept)",0.0135871466843739,-0.00145923604754195
"age_Dx",-0.00145923604754195,0.00024935891801202
